"2024/04/11 12:20,""KSS pré-prétest"""
"2024/04/11 12:20,""ANT-prétest"""
"2024/04/11 12:29,""KSS mid-prétest"""
"2024/04/11 12:29,""OSPAN prétest"""
"2024/04/11 12:46,""KSS post-prétest"""
"2024/04/11 12:47,""AX-CPT"""
"2024/04/11 12:59,""KSS1"""
"2024/04/11 13:07,""KSS2"""
"2024/04/11 13:16,""KSS3"""
"2024/04/11 13:16,""Intervention nature"""
"2024/04/11 13:24,""KSS4"""
"2024/04/11 13:31,""KSS5"""
"2024/04/11 13:32,""ANT-posttest"""
"2024/04/11 13:40,""KSS mid-posttest"""
"2024/04/11 13:41,""OSPAN post-posttest"""
"2024/04/11 13:54,""KSS post-posttest"""
