Category ID,Category name,UNIX time,Date (America/Toronto HNE),Text
5,"ANT-50",1702995584,"19 déc. 2023 (mar.) 09:19:44","KSS pré-prétest"
5,"ANT-50",1702995614,"19 déc. 2023 (mar.) 09:20:14","ANT prétest"
5,"ANT-50",1702996162,"19 déc. 2023 (mar.) 09:29:22","KSS mid-prétest"
5,"ANT-50",1702996190,"19 déc. 2023 (mar.) 09:29:50","OSPAN prétest"
5,"ANT-50",1702997440,"19 déc. 2023 (mar.) 09:50:40","KSS post-prétest"
5,"ANT-50",1702997469,"19 déc. 2023 (mar.) 09:51:09","AX-CPT"
5,"ANT-50",1702998184,"19 déc. 2023 (mar.) 10:03:04","KSS1"
5,"ANT-50",1702999146,"19 déc. 2023 (mar.) 10:19:06","KSS3"
5,"ANT-50",1702999223,"19 déc. 2023 (mar.) 10:20:23","Intervention urbaine"
5,"ANT-50",1702999697,"19 déc. 2023 (mar.) 10:28:17","KSS4"
5,"ANT-50",1703000092,"19 déc. 2023 (mar.) 10:34:52","KSS5"
5,"ANT-50",1703000119,"19 déc. 2023 (mar.) 10:35:19","ANT posttest"
5,"ANT-50",1703000614,"19 déc. 2023 (mar.) 10:43:34","KSS midposttest"
5,"ANT-50",1703000650,"19 déc. 2023 (mar.) 10:44:10","OSPAN posttest"
5,"ANT-50",1703001563,"19 déc. 2023 (mar.) 10:59:23","KSS post-posttest"
