"2024/01/16 13:05,""kss_pre_pretest"""
"2024/01/16 13:06,""ospan_pretest"""
"2024/01/16 13:28,""kss_mid_pretest"""
"2024/01/16 13:28,""ant_pretest"""
"2024/01/16 13:38,""kss_post_pretest"""
"2024/01/16 13:38,""ax_cpt"""
"2024/01/16 13:52,""kss1"""
"2024/01/16 14:00,""kss2"""
"2024/01/16 14:08,""kss3"""
"2024/01/16 14:09,""intervention_nature"""
"2024/01/16 14:17,""kss4"""
"2024/01/16 14:24,""kss5"""
"2024/01/16 14:25,""ant_posttest"""
"2024/01/16 14:32,""kss_mid_posttest"""
"2024/01/16 14:33,""ospan_posttest"""
"2024/01/16 14:51,""kss_post_posttest"""
