"2022/11/25 12:14,""kss_pre_pretest"""
"2022/11/25 12:15,""ant_pretest"""
"2022/11/25 12:24,""kss_mid_pretest"""
"2022/11/25 12:24,""ospan_pretest"""
"2022/11/25 12:45,""kss_post_pretest"""
"2022/11/25 12:49,""ax_cpt"""
"2022/11/25 13:02,""kss1"""
"2022/11/25 13:10,""kss2"""
"2022/11/25 13:18,""kss3"""
"2022/11/25 13:19,""intervention_nature"""
"2022/11/25 13:26,""kss4"""
"2022/11/25 13:33,""kss5"""
"2022/11/25 13:34,""ant_posttest"""
"2022/11/25 13:43,""kss_mid_posttest"""
"2022/11/25 13:44,""ospan_posttest"""
"2022/11/25 13:58,""kss_post_posttest"""