"2024/04/29 14:37,""KSS pré-prétest"""
"2024/04/29 14:37,""ANT-prétest"""
"2024/04/29 14:38,""KSS mid-prétest"""
"2024/04/29 14:46,""OSPAN prétest"""
"2024/04/29 15:00,""KSS post-prétest"""
"2024/04/29 15:08,""AX-CPT"""
"2024/04/29 15:13,""KSS1"""
"2024/04/29 15:27,""KSS2"""
"2024/04/29 15:38,""KSS3"""
"2024/04/29 15:39,""Intervention urbaine"""
"2024/04/29 15:44,""KSS4"""
"2024/04/29 15:53,""KSS5"""
"2024/04/29 15:54,""ANT post-test"""
"2024/04/29 16:02,""KSS mid-posttest"""
"2024/04/29 16:02,""OPSAN post-posttest"""
"2024/04/29 16:18,""KSS post-posttest"""
