"2024/02/13 09:19,""OSPAN prétest"""
"2024/02/13 09:19,""KSS pré-prétest"""
"2024/02/13 09:40,""KSS mid-prétest"""
"2024/02/13 09:41,""ANT prétest"""
"2024/02/13 09:50,""KSS post-prétest"""
"2024/02/13 09:50,""AX-CPT"""
"2024/02/13 10:02,""KSS1"""
"2024/02/13 10:11,""KSS2"""
"2024/02/13 10:19,""KSS3"""
"2024/02/13 10:20,""Intervention urbaine """
"2024/02/13 10:28,""KSS4"""
"2024/02/13 10:35,""KSS5"""
"2024/02/13 10:35,""ANT posttest"""
"2024/02/13 10:44,""KSS mid-posttest"""
"2024/02/13 10:45,""OSPAN posttest"""
"2024/02/13 11:00,""KSS post-posttest"""
